open_time,open,high,low,close,volume,close_time,quote_volume,count,taker_buy_volume,taker_buy_quote_volume,ignore
1662728400000,0.4728000,0.4874000,0.4647000,0.4768000,414890,1662728459999,197855.0166000,1129,210743,100682.9680000,0
1662728460000,0.4750000,0.4780000,0.4702000,0.4740000,467636,1662728519999,221641.2611000,1128,323880,153569.4754000,0
1662728520000,0.4740000,0.4785000,0.4681000,0.4763000,505580,1662728579999,239656.7810000,1067,275344,130684.5742000,0
1662728580000,0.4745000,0.4772000,0.4724000,0.4730000,331492,1662728639999,157582.8286000,877,123053,58526.5990000,0
1662728640000,0.4733000,0.4733000,0.4635000,0.4655000,407096,1662728699999,191137.7725000,1021,102529,48127.5962000,0
1662728700000,0.4638000,0.4657000,0.4571000,0.4573000,437669,1662728759999,201995.4743000,1033,176619,81433.4109000,0
1662728760000,0.4573000,0.4598000,0.4462000,0.4474000,687913,1662728819999,310004.6861000,1517,233433,105299.2344000,0
1662728820000,0.4474000,0.4538000,0.4420000,0.4509000,908944,1662728879999,407912.8206000,1460,538870,242081.5770000,0
1662728880000,0.4509000,0.4533000,0.4376000,0.4388000,832124,1662728939999,368419.2815000,1652,276660,122746.0174000,0
1662728940000,0.4387000,0.4424000,0.4281000,0.4339000,1244380,1662728999999,542057.7788000,2771,564584,246318.3965000,0
1662729000000,0.4350000,0.4440000,0.4297000,0.4316000,1085765,1662729059999,473554.0043000,2399,621014,271078.5597000,0
1662729060000,0.4310000,0.4317000,0.4030000,0.4047000,3051291,1662729119999,1271717.2676000,4964,975905,406401.9351000,0
1662729120000,0.4045000,0.4077000,0.3663000,0.3938000,4822695,1662729179999,1859855.1796000,6359,2287543,885248.6907000,0
1662729180000,0.3938000,0.4120000,0.3900000,0.4008000,2396197,1662729239999,962228.0328000,3944,1446669,581918.7139000,0
1662729240000,0.4004000,0.4142000,0.3981000,0.4135000,1419415,1662729299999,580543.0576000,2601,971917,398112.2543000,0
1662729300000,0.4135000,0.4323000,0.4135000,0.4317000,2291082,1662729359999,966720.9911000,3274,1574375,664389.4327000,0
1662729360000,0.4317000,0.4317000,0.4179000,0.4252000,1325493,1662729419999,563212.9683000,1803,722968,307406.0649000,0
1662729420000,0.4250000,0.4445000,0.4240000,0.4340000,1145792,1662729479999,498597.0733000,2179,627690,272962.8125000,0
1662729480000,0.4339000,0.4345000,0.4226000,0.4301000,1220630,1662729539999,523767.2731000,2131,680009,292010.3811000,0
1662729540000,0.4293000,0.4435000,0.4268000,0.4430000,1149410,1662729599999,500493.6830000,2115,755847,329007.5003000,0
1662729600000,0.4430000,0.4430000,0.4289000,0.4339000,1187232,1662729659999,517351.6076000,1896,580745,252385.8892000,0
1662729660000,0.4339000,0.4374000,0.4278000,0.4278000,610795,1662729719999,263593.8845000,1572,277468,119859.0297000,0
1662729720000,0.4278000,0.4327000,0.4141000,0.4279000,1433738,1662729779999,604658.9644000,2345,663441,280481.8166000,0
1662729780000,0.4270000,0.4292000,0.4201000,0.4256000,386162,1662729839999,163985.9158000,926,213394,90650.1119000,0
1662729840000,0.4260000,0.4270000,0.4046000,0.4061000,1237502,1662729899999,510969.7258000,2028,393782,163186.8519000,0
1662729900000,0.4063000,0.4196000,0.4048000,0.4147000,1390147,1662729959999,573968.9525000,1933,731292,301913.1046000,0
1662729960000,0.4151000,0.4179000,0.4005000,0.4095000,1021987,1662730019999,416781.2245000,1968,429858,175636.5482000,0
1662730020000,0.4096000,0.4171000,0.4078000,0.4152000,531947,1662730079999,219635.5837000,1280,272446,112535.4531000,0
1662730080000,0.4151000,0.4277000,0.4141000,0.4246000,1321346,1662730139999,557699.7464000,2295,715447,302105.0177000,0
1662730140000,0.4237000,0.4286000,0.4201000,0.4285000,788380,1662730199999,334256.9136000,1785,339595,144123.5804000,0
1662730200000,0.4278000,0.4380000,0.4239000,0.4366000,1730013,1662730259999,743665.2211000,2880,929574,400457.6679000,0
1662730260000,0.4372000,0.4431000,0.4326000,0.4389000,1159189,1662730319999,508361.5039000,2094,579088,254137.0619000,0
1662730320000,0.4388000,0.4406000,0.4316000,0.4349000,948391,1662730379999,413493.8504000,1859,423587,184868.9905000,0
1662730380000,0.4349000,0.4378000,0.4317000,0.4348000,498527,1662730439999,216508.8194000,979,305963,133029.8587000,0
1662730440000,0.4356000,0.4472000,0.4354000,0.4470000,1102888,1662730499999,488136.7203000,2198,623927,276382.2626000,0
1662730500000,0.4472000,0.4514000,0.4418000,0.4443000,1094329,1662730559999,488203.7321000,1972,591337,264068.8184000,0
1662730560000,0.4443000,0.4449000,0.4360000,0.4379000,797180,1662730619999,350041.9403000,1677,346968,152400.6383000,0
1662730620000,0.4376000,0.4426000,0.4353000,0.4371000,511357,1662730679999,224112.1687000,1173,274695,120505.6831000,0
1662730680000,0.4373000,0.4414000,0.4372000,0.4393000,363692,1662730739999,159734.0155000,799,228658,100531.1610000,0
1662730740000,0.4385000,0.4400000,0.4343000,0.4388000,646153,1662730799999,282613.5091000,1235,314252,137742.0567000,0
1662730800000,0.4387000,0.4442000,0.4360000,0.4429000,1311409,1662730859999,577732.1598000,1729,811328,357724.1031000,0
1662730860000,0.4429000,0.4526000,0.4423000,0.4522000,1018491,1662730919999,456132.5987000,1817,595011,266659.8663000,0
1662730920000,0.4520000,0.4568000,0.4482000,0.4526000,960563,1662730979999,434741.1029000,2099,581044,263118.6509000,0
1662730980000,0.4526000,0.4582000,0.4519000,0.4568000,879667,1662731039999,399688.9030000,2008,442040,201101.3194000,0
1662731040000,0.4556000,0.4567000,0.4465000,0.4484000,809502,1662731099999,364482.9401000,2010,334063,150575.7129000,0
1662731100000,0.4486000,0.4560000,0.4482000,0.4550000,460769,1662731159999,208629.5854000,1344,274376,124230.5533000,0
1662731160000,0.4554000,0.4613000,0.4539000,0.4561000,729326,1662731219999,333806.5757000,1895,395881,181457.5647000,0
1662731220000,0.4566000,0.4622000,0.4539000,0.4586000,725789,1662731279999,332357.3629000,2221,407198,186574.5787000,0
1662731280000,0.4580000,0.4611000,0.4559000,0.4586000,687742,1662731339999,315608.2640000,1661,446192,204887.8926000,0
1662731340000,0.4586000,0.4630000,0.4580000,0.4609000,1041259,1662731399999,479596.4115000,2491,491723,226651.7183000,0
1662731400000,0.4612000,0.4648000,0.4600000,0.4611000,1093116,1662731459999,505158.2499000,2278,563833,260725.7339000,0
1662731460000,0.4608000,0.4617000,0.4544000,0.4600000,1213650,1662731519999,555861.9886000,2656,598761,274536.7994000,0
1662731520000,0.4601000,0.4602000,0.4527000,0.4536000,1727302,1662731579999,786000.6260000,2549,787889,358629.8776000,0
1662731580000,0.4535000,0.4606000,0.4531000,0.4586000,921204,1662731639999,421739.3352000,2011,663820,303946.3423000,0
1662731640000,0.4588000,0.4592000,0.4507000,0.4561000,954587,1662731699999,433774.1311000,2122,375948,170774.4636000,0
1662731700000,0.4561000,0.4570000,0.4479000,0.4493000,822083,1662731759999,371141.0277000,1928,299317,135373.3041000,0
1662731760000,0.4494000,0.4501000,0.4412000,0.4438000,1682964,1662731819999,748193.2662000,3658,780543,347146.4117000,0
1662731820000,0.4439000,0.4517000,0.4410000,0.4516000,1974728,1662731879999,878408.5540000,3514,1330367,591878.5156000,0
1662731880000,0.4515000,0.4561000,0.4478000,0.4545000,975197,1662731939999,440324.6785000,2227,522119,235881.1935000,0
1662731940000,0.4547000,0.4552000,0.4499000,0.4510000,810040,1662731999999,366939.2725000,1664,275300,124839.5640000,0
1662732000000,0.4510000,0.4596000,0.4500000,0.4562000,963694,1662732059999,439838.8183000,1907,519236,237021.6891000,0
1662732060000,0.4560000,0.4580000,0.4540000,0.4556000,666180,1662732119999,303881.2766000,1656,225344,102798.8953000,0
1662732120000,0.4555000,0.4563000,0.4469000,0.4476000,1075161,1662732179999,484358.0871000,2423,274694,123699.5630000,0
1662732180000,0.4480000,0.4514000,0.4437000,0.4469000,1117881,1662732239999,500107.8749000,2347,523295,234512.8728000,0
1662732240000,0.4475000,0.4504000,0.4456000,0.4489000,766502,1662732299999,343427.6465000,1523,433133,194067.0293000,0
1662732300000,0.4493000,0.4494000,0.4450000,0.4450000,633367,1662732359999,283271.5123000,1117,177134,79138.1219000,0
1662732360000,0.4453000,0.4500000,0.4439000,0.4444000,1097578,1662732419999,490547.7878000,1656,388559,174135.3105000,0
1662732420000,0.4446000,0.4463000,0.4415000,0.4426000,779078,1662732479999,345703.6613000,1785,373732,165911.8505000,0
1662732480000,0.4427000,0.4446000,0.4371000,0.4377000,1266625,1662732539999,556718.2981000,2656,447953,197003.9507000,0
1662732540000,0.4376000,0.4425000,0.4336000,0.4415000,1171885,1662732599999,513088.7843000,2367,597732,262072.8437000,0
1662732600000,0.4414000,0.4428000,0.4389000,0.4426000,698312,1662732659999,307653.6959000,1820,327668,144409.7128000,0
1662732660000,0.4426000,0.4460000,0.4417000,0.4440000,660126,1662732719999,293039.4179000,1532,385511,171194.9827000,0
1662732720000,0.4441000,0.4500000,0.4441000,0.4481000,868089,1662732779999,388381.0068000,2071,470035,210305.7914000,0
1662732780000,0.4476000,0.4482000,0.4443000,0.4449000,373854,1662732839999,166826.8490000,1084,114558,51150.2137000,0
1662732840000,0.4450000,0.4468000,0.4448000,0.4460000,244362,1662732899999,108966.0160000,926,130416,58152.3756000,0
1662732900000,0.4460000,0.4510000,0.4450000,0.4508000,594823,1662732959999,266796.8686000,1534,344152,154369.3095000,0
1662732960000,0.4505000,0.4543000,0.4505000,0.4507000,543751,1662733019999,245713.2981000,1622,265946,120255.0933000,0
1662733020000,0.4508000,0.4511000,0.4469000,0.4469000,539313,1662733079999,242278.9031000,1415,206931,92998.2832000,0
1662733080000,0.4469000,0.4472000,0.4420000,0.4452000,950034,1662733139999,422137.1492000,2142,438163,194680.0976000,0
1662733140000,0.4452000,0.4493000,0.4452000,0.4486000,516670,1662733199999,231231.4935000,1521,313269,140171.0109000,0
1662733200000,0.4484000,0.4484000,0.4460000,0.4480000,371004,1662733259999,165908.0857000,1138,158126,70731.9227000,0
1662733260000,0.4480000,0.4496000,0.4464000,0.4484000,452407,1662733319999,202674.4162000,1193,230231,103172.7977000,0
1662733320000,0.4484000,0.4493000,0.4451000,0.4451000,528492,1662733379999,236160.1722000,1222,195100,87160.0771000,0
1662733380000,0.4451000,0.4462000,0.4395000,0.4400000,621780,1662733439999,275598.9402000,1495,259741,115228.2662000,0
1662733440000,0.4398000,0.4412000,0.4370000,0.4375000,685970,1662733499999,301358.9344000,1634,318630,140063.9267000,0
1662733500000,0.4376000,0.4412000,0.4355000,0.4403000,873684,1662733559999,383320.1966000,1967,502494,220621.8926000,0
1662733560000,0.4403000,0.4419000,0.4380000,0.4400000,907435,1662733619999,399442.1496000,1756,531552,234033.4858000,0
1662733620000,0.4400000,0.4432000,0.4313000,0.4353000,1397049,1662733679999,608850.7170000,2648,530520,231660.2972000,0
1662733680000,0.4355000,0.4363000,0.4277000,0.4299000,1851377,1662733739999,797670.9818000,3447,807938,348305.9206000,0
1662733740000,0.4299000,0.4359000,0.4297000,0.4350000,916336,1662733799999,396381.0485000,2057,595808,257698.2032000,0
1662733800000,0.4350000,0.4415000,0.4349000,0.4404000,724298,1662733859999,317353.8990000,1979,376433,164970.3284000,0
1662733860000,0.4402000,0.4413000,0.4375000,0.4381000,633760,1662733919999,278186.8808000,1524,279622,122749.5908000,0
1662733920000,0.4381000,0.4398000,0.4375000,0.4378000,496804,1662733979999,217793.2098000,1137,211325,92647.8228000,0
1662733980000,0.4377000,0.4438000,0.4371000,0.4431000,648545,1662734039999,285720.8963000,1447,443802,195587.1488000,0
1662734040000,0.4430000,0.4469000,0.4416000,0.4452000,1420215,1662734099999,632205.6729000,2364,737034,328213.5116000,0
1662734100000,0.4453000,0.4488000,0.4452000,0.4481000,664008,1662734159999,296924.0400000,1485,373142,166842.2388000,0
1662734160000,0.4481000,0.4527000,0.4481000,0.4490000,835360,1662734219999,376013.5618000,1947,410148,184663.2980000,0
1662734220000,0.4489000,0.4491000,0.4450000,0.4459000,523139,1662734279999,233696.6712000,1506,214673,95923.1761000,0
1662734280000,0.4462000,0.4510000,0.4458000,0.4507000,515140,1662734339999,231060.5771000,1497,300680,134935.5103000,0
1662734340000,0.4502000,0.4520000,0.4475000,0.4485000,403986,1662734399999,181556.4283000,1245,207517,93283.8262000,0
1662734400000,0.4484000,0.4485000,0.4430000,0.4442000,509804,1662734459999,227331.2410000,1430,197322,87982.6470000,0
1662734460000,0.4442000,0.4473000,0.4435000,0.4451000,474765,1662734519999,211774.5860000,1120,243261,108498.0794000,0
1662734520000,0.4450000,0.4482000,0.4447000,0.4462000,588751,1662734579999,262668.7083000,1358,375946,167728.4693000,0
1662734580000,0.4462000,0.4471000,0.4444000,0.4452000,377221,1662734639999,168163.2737000,938,171109,76301.9439000,0
1662734640000,0.4456000,0.4480000,0.4456000,0.4464000,201919,1662734699999,90168.0030000,654,108730,48564.8350000,0
1662734700000,0.4466000,0.4475000,0.4440000,0.4447000,274280,1662734759999,122214.0772000,807,116143,51765.9177000,0
1662734760000,0.4444000,0.4450000,0.4390000,0.4430000,1031539,1662734819999,454987.2055000,2111,480984,212300.9648000,0
1662734820000,0.4424000,0.4428000,0.4404000,0.4428000,171781,1662734879999,75840.3136000,624,73447,32432.6688000,0
1662734880000,0.4429000,0.4460000,0.4429000,0.4448000,385828,1662734939999,171583.7483000,916,239679,106608.1702000,0
1662734940000,0.4445000,0.4458000,0.4434000,0.4456000,131666,1662734999999,58606.5664000,650,55552,24742.0473000,0
1662735000000,0.4457000,0.4462000,0.4430000,0.4440000,192310,1662735059999,85596.7462000,745,96208,42843.0294000,0
1662735060000,0.4439000,0.4463000,0.4436000,0.4437000,251129,1662735119999,111614.1203000,693,124562,55397.3445000,0
1662735120000,0.4438000,0.4446000,0.4400000,0.4409000,444193,1662735179999,196017.0631000,1302,157624,69587.7252000,0
1662735180000,0.4409000,0.4420000,0.4390000,0.4401000,656411,1662735239999,289221.4042000,1368,446507,196778.2011000,0
1662735240000,0.4404000,0.4405000,0.4386000,0.4404000,606740,1662735299999,266506.6911000,1156,375582,165007.9906000,0
1662735300000,0.4404000,0.4441000,0.4398000,0.4431000,516526,1662735359999,227725.6735000,1000,369225,162768.1731000,0
1662735360000,0.4434000,0.4439000,0.4418000,0.4436000,297626,1662735419999,131803.8429000,924,141916,62851.5840000,0
1662735420000,0.4437000,0.4497000,0.4436000,0.4488000,676631,1662735479999,302381.9654000,1503,344406,153931.5980000,0
1662735480000,0.4486000,0.4530000,0.4480000,0.4525000,1276113,1662735539999,576460.6886000,2141,730176,329835.5930000,0
1662735540000,0.4528000,0.4609000,0.4518000,0.4592000,1252819,1662735599999,572881.6818000,2872,807782,369580.0679000,0
1662735600000,0.4594000,0.4664000,0.4523000,0.4529000,2304998,1662735659999,1062612.7084000,4406,1017968,470480.4936000,0
1662735660000,0.4529000,0.4585000,0.4511000,0.4536000,780715,1662735719999,354805.4777000,2149,425106,193325.4438000,0
1662735720000,0.4535000,0.4578000,0.4531000,0.4569000,631598,1662735779999,287435.0605000,1877,331953,151116.2771000,0
1662735780000,0.4570000,0.4572000,0.4535000,0.4548000,546500,1662735839999,248724.8824000,1516,283849,129207.9084000,0
1662735840000,0.4552000,0.4554000,0.4520000,0.4532000,632167,1662735899999,286414.0254000,1496,275976,125094.9022000,0
1662735900000,0.4532000,0.4580000,0.4526000,0.4563000,361348,1662735959999,164626.5845000,1297,221437,100901.2858000,0
1662735960000,0.4564000,0.4610000,0.4561000,0.4610000,663987,1662736019999,304609.2522000,1810,434889,199551.2663000,0
1662736020000,0.4609000,0.4734000,0.4604000,0.4696000,2962206,1662736079999,1390459.4533000,4518,1807845,848352.0094000,0
1662736080000,0.4697000,0.4700000,0.4642000,0.4689000,1210762,1662736139999,566370.6704000,2739,610660,285762.7241000,0
1662736140000,0.4689000,0.4693000,0.4626000,0.4660000,1073937,1662736199999,499924.2849000,2479,513654,239131.4365000,0
1662736200000,0.4657000,0.4680000,0.4640000,0.4648000,645361,1662736259999,300582.7809000,1866,342015,159328.5648000,0
1662736260000,0.4651000,0.4671000,0.4569000,0.4595000,1234051,1662736319999,568152.0109000,2553,552888,254606.3922000,0
1662736320000,0.4596000,0.4621000,0.4577000,0.4607000,1136180,1662736379999,522848.6328000,2321,602497,277242.1494000,0
1662736380000,0.4608000,0.4636000,0.4599000,0.4632000,603118,1662736439999,278879.3278000,1526,363465,168086.1402000,0
1662736440000,0.4631000,0.4700000,0.4621000,0.4683000,1225301,1662736499999,572029.8786000,2949,686601,320456.5160000,0
1662736500000,0.4682000,0.4695000,0.4639000,0.4646000,725707,1662736559999,338506.0049000,1985,380711,177655.0072000,0
1662736560000,0.4649000,0.4676000,0.4646000,0.4659000,573193,1662736619999,267264.8777000,1707,287609,134090.8981000,0
1662736620000,0.4658000,0.4663000,0.4601000,0.4618000,874298,1662736679999,404846.5301000,2182,451917,209308.4340000,0
1662736680000,0.4619000,0.4650000,0.4616000,0.4641000,740749,1662736739999,343037.2923000,1998,456861,211546.9909000,0
1662736740000,0.4641000,0.4649000,0.4609000,0.4640000,654304,1662736799999,303225.3684000,1632,310300,143756.2919000,0
1662736800000,0.4640000,0.4668000,0.4638000,0.4666000,645079,1662736859999,300040.6926000,1486,402726,187358.8872000,0
1662736860000,0.4665000,0.4688000,0.4622000,0.4634000,921275,1662736919999,428290.1595000,2135,368460,171489.4654000,0
1662736920000,0.4630000,0.4630000,0.4575000,0.4582000,1005964,1662736979999,461919.0641000,2494,434195,199350.1108000,0
1662736980000,0.4582000,0.4584000,0.4515000,0.4560000,1818382,1662737039999,826056.4986000,4076,832904,378611.8007000,0
1662737040000,0.4561000,0.4597000,0.4557000,0.4575000,754904,1662737099999,345742.0744000,1747,432025,197872.3287000,0
1662737100000,0.4574000,0.4602000,0.4562000,0.4601000,503450,1662737159999,231076.6119000,1364,284167,130423.8015000,0
1662737160000,0.4602000,0.4619000,0.4575000,0.4588000,481327,1662737219999,221484.2885000,1396,245588,113028.1153000,0
1662737220000,0.4586000,0.4588000,0.4560000,0.4574000,469812,1662737279999,214905.6368000,1399,210706,96393.4633000,0
1662737280000,0.4577000,0.4616000,0.4571000,0.4603000,269307,1662737339999,123617.3298000,867,138715,63717.9749000,0
1662737340000,0.4598000,0.4623000,0.4598000,0.4612000,372616,1662737399999,171846.0573000,1174,177140,81700.0862000,0
1662737400000,0.4614000,0.4634000,0.4588000,0.4591000,511784,1662737459999,235656.7948000,1346,264397,121835.6861000,0
1662737460000,0.4590000,0.4592000,0.4563000,0.4574000,324486,1662737519999,148457.4127000,1114,111828,51174.9974000,0
1662737520000,0.4574000,0.4579000,0.4549000,0.4560000,261766,1662737579999,119571.8835000,921,111904,51141.3412000,0
1662737580000,0.4557000,0.4569000,0.4540000,0.4547000,518803,1662737639999,236290.2114000,1445,217106,98912.7410000,0
1662737640000,0.4547000,0.4576000,0.4531000,0.4555000,580155,1662737699999,264068.1870000,1488,292211,133025.5952000,0
1662737700000,0.4553000,0.4558000,0.4473000,0.4503000,1145645,1662737759999,516692.3880000,2769,459952,207494.3165000,0
1662737760000,0.4504000,0.4529000,0.4496000,0.4524000,585512,1662737819999,264250.3068000,1531,322011,145332.1964000,0
1662737820000,0.4524000,0.4539000,0.4460000,0.4494000,1021862,1662737879999,460137.8872000,2151,450396,202946.1060000,0
1662737880000,0.4495000,0.4520000,0.4478000,0.4516000,799440,1662737939999,359742.4579000,1714,390489,175720.7269000,0
1662737940000,0.4512000,0.4547000,0.4498000,0.4547000,458101,1662737999999,207363.7994000,1217,237329,107445.9156000,0
1662738000000,0.4547000,0.4549000,0.4512000,0.4520000,486445,1662738059999,220354.8601000,1178,211684,95871.9091000,0
1662738060000,0.4522000,0.4539000,0.4521000,0.4533000,361944,1662738119999,163947.9577000,702,243368,110261.7245000,0
1662738120000,0.4533000,0.4549000,0.4523000,0.4529000,378437,1662738179999,171702.1142000,792,149555,67895.4527000,0
1662738180000,0.4529000,0.4529000,0.4506000,0.4506000,170303,1662738239999,76918.0112000,622,65027,29386.0708000,0
1662738240000,0.4506000,0.4514000,0.4483000,0.4513000,408709,1662738299999,183969.2131000,918,180272,81191.4459000,0
1662738300000,0.4514000,0.4537000,0.4490000,0.4495000,543432,1662738359999,245538.3055000,1217,308192,139332.4575000,0
1662738360000,0.4495000,0.4514000,0.4462000,0.4463000,730924,1662738419999,327899.7089000,1549,274232,123078.1266000,0
1662738420000,0.4463000,0.4493000,0.4431000,0.4493000,1147956,1662738479999,511426.6379000,2313,640929,285674.0841000,0
1662738480000,0.4492000,0.4504000,0.4432000,0.4448000,652745,1662738539999,291597.9631000,1327,268748,120072.0428000,0
1662738540000,0.4447000,0.4470000,0.4435000,0.4458000,588100,1662738599999,261558.7432000,1152,313215,139306.6994000,0
1662738600000,0.4457000,0.4487000,0.4452000,0.4454000,643866,1662738659999,287826.9135000,1199,341613,152787.1080000,0
1662738660000,0.4457000,0.4462000,0.4416000,0.4425000,504714,1662738719999,223753.5399000,1501,219628,97373.0266000,0
1662738720000,0.4426000,0.4505000,0.4416000,0.4495000,890776,1662738779999,398575.7738000,1674,517500,231492.6715000,0
1662738780000,0.4495000,0.4521000,0.4489000,0.4514000,569366,1662738839999,256604.3881000,1138,325287,146656.7106000,0
1662738840000,0.4515000,0.4532000,0.4513000,0.4521000,555975,1662738899999,251595.9015000,1088,263107,119113.4700000,0
1662738900000,0.4520000,0.4530000,0.4476000,0.4511000,417516,1662738959999,188014.5178000,1136,167331,75393.6219000,0
1662738960000,0.4512000,0.4517000,0.4481000,0.4507000,244230,1662739019999,109807.4798000,734,104052,46790.1942000,0
1662739020000,0.4508000,0.4578000,0.4503000,0.4560000,796162,1662739079999,361986.6756000,1770,528081,240080.3554000,0
1662739080000,0.4562000,0.4578000,0.4530000,0.4569000,562051,1662739139999,256101.6792000,1343,293566,133767.8516000,0
1662739140000,0.4564000,0.4593000,0.4550000,0.4555000,450678,1662739199999,206055.6982000,1224,196076,89721.1429000,0
1662739200000,0.4554000,0.4557000,0.4490000,0.4510000,615551,1662739259999,278626.4384000,1325,260382,117915.0982000,0
1662739260000,0.4509000,0.4579000,0.4504000,0.4566000,581952,1662739319999,264841.3328000,1308,360335,163905.1297000,0
1662739320000,0.4568000,0.4580000,0.4542000,0.4565000,536539,1662739379999,244787.7954000,1079,258803,118093.1425000,0
1662739380000,0.4565000,0.4571000,0.4546000,0.4564000,349874,1662739439999,159563.3587000,773,190941,87125.1736000,0
1662739440000,0.4563000,0.4563000,0.4483000,0.4510000,791968,1662739499999,357176.8282000,1635,389400,175603.9235000,0
1662739500000,0.4509000,0.4509000,0.4444000,0.4456000,880107,1662739559999,392939.8021000,1964,386344,172586.0810000,0
1662739560000,0.4458000,0.4499000,0.4454000,0.4475000,558935,1662739619999,250233.8347000,1378,276334,123695.0742000,0
1662739620000,0.4474000,0.4495000,0.4468000,0.4479000,274134,1662739679999,122906.9488000,880,113269,50785.9322000,0
1662739680000,0.4477000,0.4481000,0.4431000,0.4438000,716270,1662739739999,318557.7483000,1509,270765,120420.8185000,0
1662739740000,0.4440000,0.4468000,0.4416000,0.4428000,507918,1662739799999,225465.5307000,1379,250692,111351.5170000,0
1662739800000,0.4426000,0.4480000,0.4400000,0.4458000,980639,1662739859999,434642.9014000,2170,397876,176418.4292000,0
1662739860000,0.4461000,0.4503000,0.4448000,0.4491000,693983,1662739919999,310935.5343000,1357,421728,188799.3300000,0
1662739920000,0.4489000,0.4495000,0.4437000,0.4448000,618408,1662739979999,275991.7893000,1232,261526,116724.8105000,0
1662739980000,0.4449000,0.4467000,0.4429000,0.4429000,232903,1662740039999,103572.3336000,674,139744,62169.8499000,0
1662740040000,0.4432000,0.4449000,0.4420000,0.4425000,324754,1662740099999,143991.9084000,759,160050,71010.0304000,0
1662740100000,0.4423000,0.4443000,0.4374000,0.4392000,1250533,1662740159999,549993.0145000,2234,502267,220927.0740000,0
1662740160000,0.4382000,0.4417000,0.4374000,0.4388000,867579,1662740219999,381009.4611000,1154,484172,212680.0061000,0
1662740220000,0.4387000,0.4404000,0.4381000,0.4381000,179029,1662740279999,78642.1047000,584,86317,37940.6652000,0
1662740280000,0.4381000,0.4381000,0.4344000,0.4370000,855137,1662740339999,372778.2277000,1826,326400,142355.0383000,0
1662740340000,0.4369000,0.4425000,0.4368000,0.4415000,480578,1662740399999,211611.9457000,1332,282886,124571.1962000,0
1662740400000,0.4415000,0.4456000,0.4414000,0.4444000,451091,1662740459999,200221.4500000,1340,234082,103921.2609000,0
1662740460000,0.4446000,0.4447000,0.4378000,0.4401000,446466,1662740519999,196946.8767000,1183,161582,71286.5083000,0
1662740520000,0.4402000,0.4403000,0.4368000,0.4380000,468496,1662740579999,205443.5217000,949,169322,74294.4727000,0
1662740580000,0.4378000,0.4410000,0.4322000,0.4348000,1076095,1662740639999,469065.7831000,1961,423923,184817.5464000,0
1662740640000,0.4347000,0.4358000,0.4290000,0.4322000,1937221,1662740699999,836256.3679000,2995,716012,309237.8970000,0
1662740700000,0.4320000,0.4353000,0.4307000,0.4338000,595504,1662740759999,258248.4160000,1241,304108,131918.2793000,0
1662740760000,0.4341000,0.4379000,0.4339000,0.4365000,470785,1662740819999,205262.1275000,1053,241119,105124.3977000,0
1662740820000,0.4364000,0.4369000,0.4331000,0.4338000,399661,1662740879999,173802.3762000,822,154986,67432.4195000,0
1662740880000,0.4338000,0.4389000,0.4300000,0.4384000,890070,1662740939999,385617.4466000,1678,523602,226903.7754000,0
1662740940000,0.4386000,0.4387000,0.4329000,0.4348000,704869,1662740999999,306967.7388000,1098,245119,106753.6761000,0
1662741000000,0.4346000,0.4349000,0.4280000,0.4297000,937849,1662741059999,403983.1320000,2092,367846,158482.2822000,0
1662741060000,0.4298000,0.4338000,0.4230000,0.4236000,1924587,1662741119999,823494.0681000,2846,825678,353887.0315000,0
1662741120000,0.4236000,0.4252000,0.4216000,0.4236000,1400287,1662741179999,593005.0438000,2083,677542,287091.4939000,0
1662741180000,0.4237000,0.4279000,0.4221000,0.4251000,1610879,1662741239999,683965.7231000,1849,763399,324167.5015000,0
1662741240000,0.4252000,0.4257000,0.4175000,0.4217000,1936769,1662741299999,814728.2202000,2926,799237,336371.3734000,0
1662741300000,0.4215000,0.4298000,0.4206000,0.4296000,1436575,1662741359999,612836.7066000,2202,956360,407885.0535000,0
1662741360000,0.4296000,0.4336000,0.4285000,0.4307000,1080670,1662741419999,465442.4449000,1701,582530,251124.0965000,0
1662741420000,0.4308000,0.4335000,0.4305000,0.4316000,698704,1662741479999,301694.0585000,1162,337338,145699.9265000,0
1662741480000,0.4316000,0.4317000,0.4276000,0.4315000,714345,1662741539999,306907.7609000,1058,307254,132022.8151000,0
1662741540000,0.4316000,0.4350000,0.4309000,0.4312000,469033,1662741599999,203078.8141000,1046,237004,102630.8443000,0
1662741600000,0.4311000,0.4337000,0.4307000,0.4320000,733242,1662741659999,316880.8605000,963,285898,123613.6811000,0
1662741660000,0.4321000,0.4321000,0.4292000,0.4293000,672733,1662741719999,289715.8299000,857,302074,130004.9250000,0
1662741720000,0.4295000,0.4295000,0.4260000,0.4276000,509024,1662741779999,217812.2060000,1154,244230,104556.8675000,0
1662741780000,0.4274000,0.4306000,0.4253000,0.4298000,469317,1662741839999,201189.3577000,884,272857,117023.7905000,0
1662741840000,0.4300000,0.4418000,0.4298000,0.4408000,1871619,1662741899999,819463.0401000,2372,1230753,538534.2383000,0
1662741900000,0.4410000,0.4471000,0.4408000,0.4444000,1676976,1662741959999,744404.0267000,2691,870342,386456.1052000,0
1662741960000,0.4444000,0.4452000,0.4386000,0.4401000,1373069,1662742019999,605866.9705000,1988,477465,210439.9429000,0
1662742020000,0.4402000,0.4421000,0.4386000,0.4403000,530363,1662742079999,233538.4616000,1074,263831,116218.6132000,0
1662742080000,0.4406000,0.4462000,0.4393000,0.4458000,498382,1662742139999,220472.0156000,1067,245860,108819.0140000,0
1662742140000,0.4455000,0.4470000,0.4413000,0.4461000,669731,1662742199999,297592.5131000,1448,334539,148691.4083000,0
1662742200000,0.4462000,0.4465000,0.4421000,0.4433000,541386,1662742259999,240551.5408000,1056,230521,102455.4725000,0
1662742260000,0.4432000,0.4446000,0.4400000,0.4416000,373198,1662742319999,165222.9347000,935,136371,60394.0684000,0
1662742320000,0.4414000,0.4415000,0.4385000,0.4390000,566752,1662742379999,249134.3349000,909,171158,75302.0904000,0
1662742380000,0.4391000,0.4425000,0.4391000,0.4412000,244458,1662742439999,107835.6449000,739,155095,68406.9815000,0
1662742440000,0.4413000,0.4424000,0.4400000,0.4424000,218801,1662742499999,96606.1240000,661,127456,56291.7305000,0
1662742500000,0.4424000,0.4429000,0.4381000,0.4402000,416434,1662742559999,183651.4112000,876,171615,75705.5790000,0
1662742560000,0.4402000,0.4405000,0.4369000,0.4396000,360878,1662742619999,158299.4745000,786,116990,51342.4681000,0
1662742620000,0.4395000,0.4400000,0.4328000,0.4348000,1035621,1662742679999,451164.9869000,1730,386725,168458.3979000,0
1662742680000,0.4351000,0.4357000,0.4330000,0.4337000,356434,1662742739999,154870.2509000,825,185796,80769.2898000,0
1662742740000,0.4338000,0.4338000,0.4280000,0.4297000,1177100,1662742799999,507166.6705000,2099,409396,176390.4104000,0
1662742800000,0.4297000,0.4350000,0.4285000,0.4350000,673028,1662742859999,290616.1382000,1396,372544,160952.7929000,0
1662742860000,0.4346000,0.4369000,0.4338000,0.4355000,417527,1662742919999,181772.9985000,888,245072,106742.0869000,0
1662742920000,0.4355000,0.4392000,0.4355000,0.4384000,524346,1662742979999,229448.0895000,994,246714,107916.5628000,0
1662742980000,0.4385000,0.4385000,0.4337000,0.4351000,308362,1662743039999,134259.6907000,721,121111,52749.7501000,0
1662743040000,0.4353000,0.4353000,0.4307000,0.4314000,570223,1662743099999,246683.9338000,1061,247820,107180.9754000,0
1662743100000,0.4315000,0.4348000,0.4315000,0.4338000,252885,1662743159999,109470.1527000,672,163442,70757.6788000,0
1662743160000,0.4338000,0.4349000,0.4312000,0.4321000,232236,1662743219999,100499.5370000,628,129516,56082.1356000,0
1662743220000,0.4320000,0.4339000,0.4300000,0.4325000,292702,1662743279999,126378.5053000,781,147874,63843.9633000,0
1662743280000,0.4326000,0.4349000,0.4316000,0.4346000,311654,1662743339999,135152.1664000,847,143111,62051.4415000,0
1662743340000,0.4346000,0.4364000,0.4335000,0.4338000,261818,1662743399999,113875.3835000,678,137040,59628.6304000,0
1662743400000,0.4336000,0.4350000,0.4334000,0.4342000,153529,1662743459999,66651.3733000,464,82316,35746.7096000,0
1662743460000,0.4340000,0.4372000,0.4338000,0.4361000,181872,1662743519999,79223.7695000,585,109436,47686.4280000,0
1662743520000,0.4361000,0.4386000,0.4361000,0.4376000,199024,1662743579999,87067.2324000,591,98229,42986.6019000,0
1662743580000,0.4378000,0.4409000,0.4362000,0.4407000,277643,1662743639999,121665.0037000,792,142833,62637.1909000,0
1662743640000,0.4404000,0.4417000,0.4361000,0.4367000,319038,1662743699999,140083.5964000,892,130808,57458.4811000,0
1662743700000,0.4368000,0.4388000,0.4340000,0.4366000,378692,1662743759999,165188.9297000,883,207547,90517.2659000,0
1662743760000,0.4367000,0.4367000,0.4318000,0.4335000,422645,1662743819999,183379.3920000,889,133958,58125.1302000,0
1662743820000,0.4331000,0.4344000,0.4306000,0.4315000,338769,1662743879999,146363.5436000,885,177914,76912.3939000,0
1662743880000,0.4317000,0.4356000,0.4317000,0.4349000,271675,1662743939999,117864.6472000,717,187955,81536.1999000,0
1662743940000,0.4350000,0.4367000,0.4346000,0.4353000,153689,1662743999999,66915.2215000,465,69063,30090.2368000,0
1662744000000,0.4351000,0.4353000,0.4331000,0.4348000,170864,1662744059999,74164.3977000,403,110713,48056.3963000,0
1662744060000,0.4349000,0.4365000,0.4335000,0.4356000,235563,1662744119999,102467.9800000,415,136031,59173.1759000,0
1662744120000,0.4356000,0.4360000,0.4339000,0.4346000,213102,1662744179999,92635.4195000,364,53508,23282.7643000,0
1662744180000,0.4346000,0.4356000,0.4328000,0.4341000,227804,1662744239999,98965.7394000,412,121459,52776.1177000,0
1662744240000,0.4342000,0.4345000,0.4330000,0.4338000,138237,1662744299999,59951.5899000,345,57843,25092.9240000,0
1662744300000,0.4339000,0.4339000,0.4307000,0.4315000,252066,1662744359999,108837.5133000,606,126158,54467.4309000,0
1662744360000,0.4311000,0.4319000,0.4278000,0.4280000,502642,1662744419999,215906.7547000,815,142985,61381.6970000,0
1662744420000,0.4281000,0.4324000,0.4281000,0.4318000,409730,1662744479999,176374.5434000,919,219291,94395.5783000,0
1662744480000,0.4318000,0.4324000,0.4298000,0.4317000,331733,1662744539999,142992.4563000,566,174535,75299.1701000,0
1662744540000,0.4317000,0.4337000,0.4312000,0.4322000,256374,1662744599999,110970.3048000,523,175618,76041.2938000,0
1662744600000,0.4323000,0.4400000,0.4313000,0.4396000,558411,1662744659999,243606.0721000,1148,367660,160490.8493000,0
1662744660000,0.4400000,0.4418000,0.4372000,0.4379000,670916,1662744719999,294857.8434000,1341,274489,120591.7672000,0
1662744720000,0.4379000,0.4379000,0.4342000,0.4359000,302419,1662744779999,131896.6307000,775,128381,56019.0436000,0
1662744780000,0.4359000,0.4364000,0.4342000,0.4347000,183334,1662744839999,79791.4205000,408,95797,41711.6675000,0
1662744840000,0.4347000,0.4359000,0.4327000,0.4346000,367937,1662744899999,159735.6137000,771,162961,70755.5065000,0
1662744900000,0.4347000,0.4355000,0.4330000,0.4348000,308459,1662744959999,134039.7955000,580,188621,81962.2920000,0
1662744960000,0.4348000,0.4355000,0.4316000,0.4326000,452064,1662745019999,196167.6580000,598,135315,58784.0202000,0
1662745020000,0.4325000,0.4332000,0.4308000,0.4321000,473068,1662745079999,204257.9014000,788,210459,90911.9416000,0
1662745080000,0.4319000,0.4342000,0.4314000,0.4331000,241495,1662745139999,104566.8357000,556,171830,74418.7753000,0
1662745140000,0.4331000,0.4333000,0.4313000,0.4323000,180842,1662745199999,78184.3770000,361,113551,49092.0646000,0
1662745200000,0.4324000,0.4333000,0.4289000,0.4303000,742684,1662745259999,319795.3644000,1048,266768,114867.8662000,0
1662745260000,0.4306000,0.4313000,0.4294000,0.4300000,236236,1662745319999,101690.4876000,526,131049,56417.9449000,0
1662745320000,0.4301000,0.4317000,0.4286000,0.4291000,343632,1662745379999,147708.5122000,634,159559,68623.0778000,0
1662745380000,0.4291000,0.4309000,0.4282000,0.4300000,410353,1662745439999,176265.4892000,710,244849,105209.1321000,0
1662745440000,0.4304000,0.4326000,0.4300000,0.4305000,178838,1662745499999,77109.6932000,516,107136,46198.2791000,0
1662745500000,0.4309000,0.4332000,0.4301000,0.4326000,240954,1662745559999,104068.9268000,527,107474,46441.4192000,0
1662745560000,0.4322000,0.4329000,0.4313000,0.4322000,148250,1662745619999,64062.8439000,364,51820,22395.8562000,0
1662745620000,0.4318000,0.4324000,0.4295000,0.4295000,229440,1662745679999,98750.8580000,562,84915,36571.9026000,0
1662745680000,0.4298000,0.4299000,0.4275000,0.4283000,536881,1662745739999,229955.6170000,851,184132,78917.6328000,0
1662745740000,0.4283000,0.4289000,0.4223000,0.4226000,1236841,1662745799999,526368.4935000,1735,357967,152488.4084000,0
1662745800000,0.4224000,0.4289000,0.4223000,0.4287000,816515,1662745859999,347553.3160000,1480,531615,226173.7357000,0
1662745860000,0.4287000,0.4307000,0.4262000,0.4279000,521211,1662745919999,223220.4523000,849,276256,118345.8709000,0
1662745920000,0.4276000,0.4290000,0.4250000,0.4250000,308736,1662745979999,131806.6903000,638,140529,60085.7728000,0
1662745980000,0.4250000,0.4265000,0.4243000,0.4257000,304468,1662746039999,129520.5840000,587,136948,58253.5735000,0
1662746040000,0.4258000,0.4260000,0.4194000,0.4198000,870361,1662746099999,367237.1104000,1305,253064,107005.6238000,0
1662746100000,0.4199000,0.4246000,0.4192000,0.4228000,546640,1662746159999,230431.5895000,1289,303660,127998.7664000,0
1662746160000,0.4226000,0.4232000,0.4174000,0.4198000,607061,1662746219999,255000.7597000,1141,196067,82546.3641000,0
1662746220000,0.4199000,0.4199000,0.4155000,0.4165000,1328653,1662746279999,553539.1087000,1792,834440,347594.1520000,0
1662746280000,0.4164000,0.4178000,0.4071000,0.4104000,3206802,1662746339999,1317533.7301000,4519,1348615,553547.6118000,0
1662746340000,0.4103000,0.4162000,0.4102000,0.4156000,778117,1662746399999,321706.0502000,1300,477034,197241.0795000,0
1662746400000,0.4154000,0.4170000,0.4124000,0.4159000,495194,1662746459999,205258.3950000,1010,281078,116544.8928000,0
1662746460000,0.4160000,0.4214000,0.4145000,0.4206000,1390652,1662746519999,582854.7056000,1636,963224,403942.3890000,0
1662746520000,0.4207000,0.4236000,0.4196000,0.4224000,771813,1662746579999,325701.8698000,1180,404708,170880.4565000,0
1662746580000,0.4224000,0.4225000,0.4181000,0.4181000,695609,1662746639999,292865.6944000,997,154745,65183.7237000,0
1662746640000,0.4184000,0.4215000,0.4181000,0.4205000,447808,1662746699999,188105.6863000,814,201584,84677.3082000,0
1662746700000,0.4205000,0.4206000,0.4144000,0.4168000,561458,1662746759999,234573.9315000,1072,201882,84338.1866000,0
1662746760000,0.4164000,0.4164000,0.4118000,0.4139000,1816476,1662746819999,751213.5557000,1611,645099,266705.4364000,0
1662746820000,0.4139000,0.4188000,0.4138000,0.4145000,648368,1662746879999,269687.3027000,1145,377110,156812.5941000,0
1662746880000,0.4144000,0.4154000,0.4124000,0.4130000,339118,1662746939999,140361.1043000,827,172490,71421.4058000,0
1662746940000,0.4126000,0.4131000,0.4055000,0.4068000,1521621,1662746999999,621739.7182000,2360,654374,267613.2192000,0
1662747000000,0.4068000,0.4118000,0.4045000,0.4066000,1663066,1662747059999,677050.5253000,2024,606398,247279.8788000,0
1662747060000,0.4067000,0.4067000,0.4012000,0.4023000,1594456,1662747119999,643247.1679000,2157,564963,227947.4566000,0
1662747120000,0.4024000,0.4070000,0.4002000,0.4007000,1309489,1662747179999,527947.2209000,2100,688436,277648.3015000,0
1662747180000,0.4007000,0.4013000,0.3921000,0.3932000,3280915,1662747239999,1301110.7138000,4295,1137404,451114.7285000,0
1662747240000,0.3934000,0.3990000,0.3880000,0.3981000,3490795,1662747299999,1367821.3340000,3879,1710486,671409.5532000,0
1662747300000,0.3980000,0.4079000,0.3971000,0.4045000,2691949,1662747359999,1083177.8133000,2823,1585806,638143.5156000,0
1662747360000,0.4049000,0.4141000,0.4049000,0.4049000,2181891,1662747419999,892139.6375000,2623,1119186,457982.4325000,0
1662747420000,0.4052000,0.4053000,0.3948000,0.4021000,2402346,1662747479999,958964.5482000,3052,1129699,451142.2024000,0
1662747480000,0.4021000,0.4060000,0.3979000,0.4059000,1133132,1662747539999,454800.1470000,1509,586771,235906.7616000,0
1662747540000,0.4056000,0.4095000,0.4029000,0.4087000,800094,1662747599999,324961.9108000,1306,417527,169644.5175000,0
1662747600000,0.4088000,0.4117000,0.4061000,0.4101000,1679056,1662747659999,687057.8015000,1988,1135894,465237.1288000,0
1662747660000,0.4102000,0.4112000,0.4058000,0.4072000,891172,1662747719999,363897.1286000,1239,415980,169849.8211000,0
1662747720000,0.4072000,0.4079000,0.4030000,0.4042000,710954,1662747779999,287835.0471000,1195,334677,135491.1612000,0
1662747780000,0.4041000,0.4055000,0.4006000,0.4038000,1223850,1662747839999,493303.7366000,1286,491020,198047.2339000,0
1662747840000,0.4035000,0.4038000,0.4000000,0.4013000,850700,1662747899999,341759.6324000,1079,367384,147647.5289000,0
1662747900000,0.4012000,0.4075000,0.4006000,0.4069000,689071,1662747959999,278580.4141000,1055,465940,188472.1552000,0
1662747960000,0.4064000,0.4072000,0.4035000,0.4043000,366032,1662748019999,148296.6718000,577,137348,55654.0032000,0
1662748020000,0.4041000,0.4079000,0.4040000,0.4078000,405829,1662748079999,164828.2813000,696,191260,77723.6134000,0
1662748080000,0.4079000,0.4097000,0.4040000,0.4073000,686106,1662748139999,279413.3498000,973,358588,145986.6602000,0
1662748140000,0.4072000,0.4100000,0.4048000,0.4055000,525722,1662748199999,214114.8814000,821,298964,121907.7597000,0
1662748200000,0.4057000,0.4105000,0.4045000,0.4099000,704894,1662748259999,287382.3561000,924,387023,158009.7502000,0
1662748260000,0.4096000,0.4170000,0.4096000,0.4142000,1836950,1662748319999,760608.8305000,2139,1156828,479282.4976000,0
1662748320000,0.4147000,0.4151000,0.4108000,0.4136000,677026,1662748379999,279661.4925000,1134,245140,101206.6006000,0
1662748380000,0.4138000,0.4167000,0.4116000,0.4164000,705024,1662748439999,291680.5388000,919,358657,148530.1282000,0
1662748440000,0.4165000,0.4166000,0.4128000,0.4141000,420107,1662748499999,174116.5893000,881,158185,65584.6924000,0
1662748500000,0.4139000,0.4146000,0.4105000,0.4117000,635442,1662748559999,262125.9895000,804,293201,121046.9602000,0
1662748560000,0.4111000,0.4148000,0.4106000,0.4146000,346209,1662748619999,143029.5931000,593,232110,96010.4026000,0
1662748620000,0.4145000,0.4161000,0.4126000,0.4160000,669316,1662748679999,277609.9978000,804,409120,169776.1219000,0
1662748680000,0.4163000,0.4196000,0.4149000,0.4187000,561035,1662748739999,234375.6892000,1146,287353,120149.3271000,0
1662748740000,0.4189000,0.4224000,0.4182000,0.4206000,1066650,1662748799999,448183.2641000,1377,637289,267920.7482000,0
1662748800000,0.4201000,0.4234000,0.4197000,0.4218000,1079909,1662748859999,455420.7456000,1320,461046,194614.8891000,0
1662748860000,0.4212000,0.4214000,0.4160000,0.4172000,672904,1662748919999,281585.5742000,1245,233128,97578.9086000,0
1662748920000,0.4173000,0.4206000,0.4171000,0.4180000,684171,1662748979999,286732.4371000,961,333897,139993.0329000,0
1662748980000,0.4182000,0.4192000,0.4131000,0.4151000,757319,1662749039999,314663.9457000,1134,239600,99654.2214000,0
1662749040000,0.4152000,0.4187000,0.4139000,0.4182000,492958,1662749099999,204967.5437000,965,273659,113914.2027000,0
1662749100000,0.4182000,0.4213000,0.4165000,0.4208000,786769,1662749159999,329411.1663000,1109,360937,151276.9024000,0
1662749160000,0.4210000,0.4212000,0.4178000,0.4200000,326322,1662749219999,136780.6394000,617,134745,56500.5174000,0
1662749220000,0.4200000,0.4228000,0.4177000,0.4226000,425003,1662749279999,178606.6900000,889,251706,105805.0750000,0
1662749280000,0.4226000,0.4229000,0.4190000,0.4195000,560580,1662749339999,235810.3975000,918,229615,96604.2193000,0
1662749340000,0.4193000,0.4204000,0.4167000,0.4177000,436830,1662749399999,182672.5772000,720,143519,60077.5096000,0
1662749400000,0.4174000,0.4200000,0.4169000,0.4178000,410373,1662749459999,171754.7872000,753,215468,90229.5470000,0
1662749460000,0.4178000,0.4195000,0.4167000,0.4171000,392218,1662749519999,164071.8649000,544,122491,51264.4933000,0
1662749520000,0.4170000,0.4171000,0.4082000,0.4119000,1812544,1662749579999,745685.9816000,2524,760176,312639.5066000,0
1662749580000,0.4117000,0.4118000,0.4060000,0.4094000,1310420,1662749639999,535804.2372000,1583,669652,274019.8604000,0
1662749640000,0.4095000,0.4096000,0.4050000,0.4053000,827814,1662749699999,336946.5410000,1145,294004,119743.1623000,0
1662749700000,0.4055000,0.4107000,0.4044000,0.4071000,898005,1662749759999,365221.7839000,1320,356221,145091.3174000,0
1662749760000,0.4071000,0.4107000,0.4070000,0.4103000,470477,1662749819999,192580.8177000,720,260285,106542.5169000,0
1662749820000,0.4095000,0.4097000,0.4038000,0.4038000,606003,1662749879999,245967.8136000,968,205279,83315.7300000,0
1662749880000,0.4037000,0.4047000,0.4010000,0.4022000,1180103,1662749939999,475596.9895000,1298,633725,255524.9030000,0
1662749940000,0.4022000,0.4057000,0.4020000,0.4032000,845929,1662749999999,341247.8567000,984,376348,151923.5926000,0
1662750000000,0.4033000,0.4119000,0.4030000,0.4108000,976294,1662750059999,398992.7562000,1648,582587,237975.1663000,0
1662750060000,0.4113000,0.4190000,0.4103000,0.4149000,1566367,1662750119999,650574.2589000,1853,1006116,417651.3920000,0
1662750120000,0.4150000,0.4200000,0.4147000,0.4155000,677528,1662750179999,283019.1538000,1159,385594,161176.9727000,0
1662750180000,0.4153000,0.4182000,0.4141000,0.4157000,944547,1662750239999,392614.4276000,1120,390287,162394.9453000,0
1662750240000,0.4157000,0.4175000,0.4133000,0.4133000,809072,1662750299999,336750.8883000,1262,533345,222191.8066000,0
1662750300000,0.4132000,0.4166000,0.4131000,0.4152000,641939,1662750359999,266220.5022000,811,270968,112388.0810000,0
1662750360000,0.4152000,0.4209000,0.4150000,0.4209000,535931,1662750419999,224164.3258000,882,402878,168524.9357000,0
1662750420000,0.4209000,0.4276000,0.4207000,0.4261000,2355461,1662750479999,998747.9961000,2456,1419928,602169.8910000,0
1662750480000,0.4261000,0.4272000,0.4187000,0.4225000,2013275,1662750539999,850323.1720000,2535,919183,388120.2076000,0
1662750540000,0.4228000,0.4282000,0.4212000,0.4271000,898191,1662750599999,381223.9152000,1403,493293,209396.5376000,0
1662750600000,0.4272000,0.4356000,0.4254000,0.4308000,2614558,1662750659999,1128254.5601000,2741,1394739,602411.8952000,0
1662750660000,0.4304000,0.4330000,0.4278000,0.4330000,947616,1662750719999,408149.6542000,1473,502761,216651.4166000,0
1662750720000,0.4331000,0.4389000,0.4315000,0.4362000,1558707,1662750779999,679340.6805000,2161,729922,318432.2880000,0
1662750780000,0.4362000,0.4376000,0.4317000,0.4376000,1108036,1662750839999,481449.2797000,1815,565668,245945.6042000,0
1662750840000,0.4373000,0.4444000,0.4370000,0.4434000,2351317,1662750899999,1036651.6994000,3307,1377245,607440.0710000,0
1662750900000,0.4430000,0.4434000,0.4297000,0.4316000,2792936,1662750959999,1217056.1764000,3905,957065,417583.3524000,0
1662750960000,0.4318000,0.4400000,0.4301000,0.4370000,1187537,1662751019999,517360.3869000,1965,692530,301954.3133000,0
1662751020000,0.4370000,0.4384000,0.4320000,0.4338000,995638,1662751079999,433043.8748000,1652,509413,221672.7390000,0
1662751080000,0.4334000,0.4368000,0.4284000,0.4312000,1248572,1662751139999,540002.6998000,1633,538367,233227.7531000,0
1662751140000,0.4309000,0.4347000,0.4297000,0.4336000,559974,1662751199999,241906.4526000,1043,275838,119204.8819000,0
1662751200000,0.4342000,0.4393000,0.4342000,0.4377000,714736,1662751259999,312529.4343000,1303,463076,202468.2827000,0
1662751260000,0.4381000,0.4425000,0.4380000,0.4415000,963129,1662751319999,424013.1028000,1576,512540,225722.1579000,0
1662751320000,0.4413000,0.4424000,0.4385000,0.4399000,780217,1662751379999,343483.5404000,1146,455315,200479.8368000,0
1662751380000,0.4399000,0.4400000,0.4342000,0.4361000,790803,1662751439999,345943.8418000,1379,339236,148504.2671000,0
1662751440000,0.4358000,0.4384000,0.4345000,0.4361000,408532,1662751499999,178412.3327000,846,218213,95328.2520000,0
1662751500000,0.4361000,0.4390000,0.4361000,0.4383000,284399,1662751559999,124564.5942000,609,141099,61811.1806000,0
1662751560000,0.4381000,0.4398000,0.4358000,0.4368000,371304,1662751619999,162353.9289000,694,132956,58178.2403000,0
1662751620000,0.4372000,0.4390000,0.4348000,0.4348000,365641,1662751679999,159914.7398000,660,205638,89984.9884000,0
1662751680000,0.4347000,0.4349000,0.4293000,0.4329000,962661,1662751739999,416268.8320000,1451,398052,172252.1270000,0
1662751740000,0.4332000,0.4350000,0.4326000,0.4326000,485542,1662751799999,210561.9003000,712,270188,117192.8902000,0
1662751800000,0.4330000,0.4333000,0.4271000,0.4284000,769046,1662751859999,330898.3494000,1373,322711,138952.5621000,0
1662751860000,0.4285000,0.4310000,0.4272000,0.4295000,699413,1662751919999,300431.6840000,936,346727,149016.3786000,0
1662751920000,0.4298000,0.4319000,0.4293000,0.4314000,284085,1662751979999,122384.2153000,516,184249,79399.7118000,0
1662751980000,0.4316000,0.4364000,0.4300000,0.4355000,553756,1662752039999,239946.1666000,882,392725,170203.3713000,0
1662752040000,0.4356000,0.4379000,0.4348000,0.4349000,478341,1662752099999,208742.3001000,875,248118,108301.8863000,0
1662752100000,0.4348000,0.4348000,0.4290000,0.4308000,407261,1662752159999,175753.8061000,900,176419,76141.7926000,0
1662752160000,0.4310000,0.4313000,0.4253000,0.4254000,607779,1662752219999,260599.5802000,1065,204960,88007.2824000,0
1662752220000,0.4252000,0.4287000,0.4244000,0.4259000,869888,1662752279999,370969.0281000,1498,388475,165819.3539000,0
1662752280000,0.4261000,0.4287000,0.4261000,0.4264000,207834,1662752339999,88821.4703000,397,133340,56987.1774000,0
1662752340000,0.4266000,0.4310000,0.4262000,0.4295000,468396,1662752399999,200662.5950000,904,235247,100834.5308000,0
1662752400000,0.4291000,0.4303000,0.4271000,0.4282000,189297,1662752459999,81155.5602000,445,89227,38282.0010000,0
1662752460000,0.4281000,0.4298000,0.4278000,0.4286000,328084,1662752519999,140595.9347000,574,166321,71284.3644000,0
1662752520000,0.4285000,0.4290000,0.4262000,0.4277000,286414,1662752579999,122399.9673000,596,150197,64219.5663000,0
1662752580000,0.4273000,0.4283000,0.4262000,0.4269000,445351,1662752639999,190213.8604000,461,323351,138162.9419000,0
1662752640000,0.4269000,0.4288000,0.4250000,0.4269000,580606,1662752699999,247667.6136000,804,294854,125859.9828000,0
1662752700000,0.4267000,0.4300000,0.4265000,0.4292000,401262,1662752759999,172054.2419000,727,246220,105624.9455000,0
1662752760000,0.4292000,0.4292000,0.4265000,0.4282000,149479,1662752819999,63952.8645000,421,76070,32553.7960000,0
1662752820000,0.4284000,0.4299000,0.4272000,0.4278000,192179,1662752879999,82394.9053000,400,131484,56384.7558000,0
1662752880000,0.4279000,0.4284000,0.4267000,0.4281000,132407,1662752939999,56615.6500000,280,45331,19389.5706000,0
1662752940000,0.4283000,0.4283000,0.4271000,0.4271000,125486,1662752999999,53686.2405000,255,83004,35515.6288000,0
1662753000000,0.4271000,0.4279000,0.4212000,0.4225000,957569,1662753059999,406376.6380000,1308,397847,169124.2764000,0
1662753060000,0.4225000,0.4225000,0.4176000,0.4198000,1227027,1662753119999,514787.4534000,1995,547485,229752.0426000,0
1662753120000,0.4199000,0.4239000,0.4183000,0.4218000,563595,1662753179999,237084.0422000,1069,330032,138888.9659000,0
1662753180000,0.4219000,0.4252000,0.4218000,0.4235000,381829,1662753239999,161716.1107000,716,226426,95942.7018000,0
1662753240000,0.4235000,0.4246000,0.4220000,0.4233000,271888,1662753299999,115053.7446000,460,151008,63933.0449000,0
1662753300000,0.4231000,0.4235000,0.4192000,0.4197000,538629,1662753359999,226849.7800000,755,215137,90569.5584000,0
1662753360000,0.4199000,0.4230000,0.4161000,0.4221000,1005477,1662753419999,422275.0594000,1548,594011,249841.3498000,0
1662753420000,0.4224000,0.4230000,0.4206000,0.4229000,310231,1662753479999,130879.8066000,513,196897,83089.7825000,0
1662753480000,0.4226000,0.4273000,0.4226000,0.4263000,753873,1662753539999,320655.1878000,1008,467173,198918.2443000,0
1662753540000,0.4260000,0.4265000,0.4228000,0.4238000,511425,1662753599999,217250.6277000,844,206649,87788.3880000,0
1662753600000,0.4237000,0.4256000,0.4225000,0.4239000,337099,1662753659999,142911.5428000,594,188423,79910.6567000,0
1662753660000,0.4236000,0.4255000,0.4235000,0.4252000,243155,1662753719999,103240.5981000,443,119225,50621.9553000,0
1662753720000,0.4250000,0.4270000,0.4250000,0.4253000,323641,1662753779999,137878.6313000,461,168535,71827.4237000,0
1662753780000,0.4254000,0.4283000,0.4244000,0.4275000,468922,1662753839999,200068.2107000,634,314445,134195.4049000,0
1662753840000,0.4278000,0.4314000,0.4271000,0.4310000,773818,1662753899999,332324.2193000,1104,506237,217502.8238000,0
1662753900000,0.4308000,0.4322000,0.4277000,0.4282000,388238,1662753959999,166998.9939000,709,219599,94489.9265000,0
1662753960000,0.4282000,0.4300000,0.4257000,0.4300000,482831,1662754019999,206484.4935000,846,273849,117133.4597000,0
1662754020000,0.4300000,0.4327000,0.4284000,0.4295000,597973,1662754079999,257370.3798000,898,336766,144929.1954000,0
1662754080000,0.4296000,0.4300000,0.4280000,0.4287000,146093,1662754139999,62646.4747000,346,83036,35610.1911000,0
1662754140000,0.4289000,0.4299000,0.4284000,0.4290000,144484,1662754199999,61991.4513000,313,86925,37296.9853000,0
1662754200000,0.4291000,0.4302000,0.4287000,0.4294000,247460,1662754259999,106260.6316000,274,122356,52564.0277000,0
1662754260000,0.4291000,0.4298000,0.4284000,0.4290000,142512,1662754319999,61116.9382000,291,61799,26501.9668000,0
1662754320000,0.4286000,0.4294000,0.4265000,0.4266000,234859,1662754379999,100521.7222000,340,87036,37300.2084000,0
1662754380000,0.4268000,0.4272000,0.4264000,0.4268000,136738,1662754439999,58358.9302000,276,85664,36569.6498000,0
1662754440000,0.4267000,0.4287000,0.4267000,0.4276000,221790,1662754499999,94927.8117000,423,155040,66363.8309000,0
1662754500000,0.4280000,0.4290000,0.4270000,0.4284000,230104,1662754559999,98537.7511000,383,109231,46813.8249000,0
1662754560000,0.4284000,0.4285000,0.4269000,0.4279000,83401,1662754619999,35657.0020000,182,19877,8501.3883000,0
1662754620000,0.4272000,0.4284000,0.4272000,0.4279000,128430,1662754679999,54929.0837000,197,93552,40016.9932000,0
1662754680000,0.4276000,0.4280000,0.4268000,0.4273000,84332,1662754739999,36029.8324000,184,40604,17351.5042000,0
1662754740000,0.4271000,0.4282000,0.4268000,0.4276000,157163,1662754799999,67197.0076000,227,84341,36073.6216000,0
1662754800000,0.4279000,0.4300000,0.4279000,0.4296000,303660,1662754859999,130289.9163000,402,152977,65605.5243000,0
1662754860000,0.4297000,0.4340000,0.4297000,0.4324000,688645,1662754919999,297810.5612000,861,393467,170270.6902000,0
1662754920000,0.4324000,0.4362000,0.4320000,0.4359000,644943,1662754979999,279537.5891000,619,363841,157694.6484000,0
1662754980000,0.4358000,0.4382000,0.4341000,0.4375000,726753,1662755039999,317051.2187000,1035,458211,200002.2278000,0
1662755040000,0.4374000,0.4374000,0.4333000,0.4344000,555951,1662755099999,241790.2293000,777,272375,118383.4713000,0
1662755100000,0.4345000,0.4360000,0.4342000,0.4345000,226357,1662755159999,98485.1704000,388,78858,34319.3441000,0
1662755160000,0.4346000,0.4351000,0.4300000,0.4313000,497836,1662755219999,215141.8356000,860,158516,68554.4953000,0
1662755220000,0.4313000,0.4318000,0.4302000,0.4308000,153563,1662755279999,66176.8113000,285,47446,20447.5840000,0
1662755280000,0.4305000,0.4322000,0.4301000,0.4305000,335314,1662755339999,144532.2305000,476,171887,74091.8984000,0
1662755340000,0.4306000,0.4335000,0.4302000,0.4326000,140241,1662755399999,60599.7704000,394,80903,34962.1583000,0
1662755400000,0.4328000,0.4358000,0.4314000,0.4349000,383414,1662755459999,166354.0795000,604,300084,130174.0139000,0
1662755460000,0.4343000,0.4353000,0.4308000,0.4318000,243977,1662755519999,105724.0527000,463,95260,41263.5661000,0
1662755520000,0.4316000,0.4345000,0.4315000,0.4325000,317935,1662755579999,137584.2936000,483,138051,59741.6365000,0
1662755580000,0.4321000,0.4330000,0.4305000,0.4313000,225601,1662755639999,97323.7419000,387,133756,57708.5362000,0
1662755640000,0.4309000,0.4319000,0.4271000,0.4277000,550854,1662755699999,236525.5184000,837,180291,77467.2770000,0
1662755700000,0.4280000,0.4296000,0.4278000,0.4285000,529872,1662755759999,227144.0249000,694,231604,99287.5750000,0
1662755760000,0.4283000,0.4283000,0.4253000,0.4273000,399128,1662755819999,170223.4957000,670,127880,54568.9093000,0
1662755820000,0.4270000,0.4273000,0.4235000,0.4253000,531831,1662755879999,226240.8727000,782,193016,82118.2993000,0
1662755880000,0.4251000,0.4261000,0.4235000,0.4244000,305305,1662755939999,129524.1720000,512,140688,59699.2867000,0
1662755940000,0.4244000,0.4273000,0.4244000,0.4264000,225789,1662755999999,96106.4165000,419,101475,43215.6223000,0
1662756000000,0.4264000,0.4270000,0.4252000,0.4261000,157260,1662756059999,66966.1117000,320,90112,38381.5071000,0
1662756060000,0.4263000,0.4278000,0.4262000,0.4264000,141362,1662756119999,60366.2981000,232,67591,28858.2116000,0
1662756120000,0.4264000,0.4270000,0.4246000,0.4254000,152145,1662756179999,64734.3298000,321,70390,29964.6092000,0
1662756180000,0.4252000,0.4258000,0.4236000,0.4241000,331807,1662756239999,140974.7399000,496,153751,65315.4312000,0
1662756240000,0.4240000,0.4248000,0.4235000,0.4241000,138084,1662756299999,58565.0210000,340,67150,28491.7023000,0
1662756300000,0.4243000,0.4277000,0.4226000,0.4265000,403734,1662756359999,171538.4271000,678,195409,83113.3278000,0
1662756360000,0.4265000,0.4276000,0.4253000,0.4261000,266256,1662756419999,113660.8424000,459,125916,53766.2492000,0
1662756420000,0.4262000,0.4263000,0.4230000,0.4237000,154072,1662756479999,65464.0552000,398,50442,21440.5959000,0
1662756480000,0.4239000,0.4248000,0.4202000,0.4213000,591271,1662756539999,249452.3556000,945,233415,98486.6472000,0
1662756540000,0.4216000,0.4224000,0.4195000,0.4208000,331619,1662756599999,139541.4722000,584,127589,53722.1830000,0
1662756600000,0.4207000,0.4246000,0.4207000,0.4221000,507380,1662756659999,214444.0113000,817,251745,106410.1411000,0
1662756660000,0.4223000,0.4248000,0.4223000,0.4239000,383198,1662756719999,162434.7841000,578,276905,117385.6692000,0
1662756720000,0.4238000,0.4250000,0.4235000,0.4245000,168557,1662756779999,71539.0649000,323,69169,29351.4581000,0
1662756780000,0.4246000,0.4257000,0.4243000,0.4249000,197347,1662756839999,83874.1085000,313,138275,58775.5134000,0
1662756840000,0.4248000,0.4262000,0.4246000,0.4257000,118375,1662756899999,50367.8355000,261,51667,21986.7276000,0
1662756900000,0.4257000,0.4274000,0.4246000,0.4248000,197718,1662756959999,84179.7479000,367,115703,49250.0878000,0
1662756960000,0.4247000,0.4251000,0.4232000,0.4239000,86084,1662757019999,36511.7397000,283,41460,17595.3031000,0
1662757020000,0.4240000,0.4267000,0.4235000,0.4260000,149145,1662757079999,63440.9209000,311,100965,42943.2737000,0
1662757080000,0.4261000,0.4266000,0.4240000,0.4240000,199225,1662757139999,84768.7812000,326,41985,17874.6727000,0
1662757140000,0.4240000,0.4251000,0.4236000,0.4245000,112210,1662757199999,47623.5160000,270,57319,24334.9505000,0
1662757200000,0.4247000,0.4251000,0.4209000,0.4218000,391650,1662757259999,165724.1330000,484,79460,33655.7243000,0
1662757260000,0.4216000,0.4216000,0.4168000,0.4168000,780871,1662757319999,327009.0899000,1394,325732,136479.8964000,0
1662757320000,0.4168000,0.4199000,0.4142000,0.4199000,675374,1662757379999,281349.0688000,1407,227352,94809.8474000,0
1662757380000,0.4200000,0.4211000,0.4166000,0.4174000,405156,1662757439999,169906.2770000,690,239169,100372.7345000,0
1662757440000,0.4177000,0.4195000,0.4175000,0.4189000,344072,1662757499999,143912.3833000,532,207154,86666.8568000,0
1662757500000,0.4188000,0.4188000,0.4169000,0.4169000,210841,1662757559999,88112.2289000,387,119820,50080.8406000,0
1662757560000,0.4173000,0.4175000,0.4132000,0.4156000,463192,1662757619999,192340.8238000,814,256310,106448.8587000,0
1662757620000,0.4160000,0.4185000,0.4127000,0.4185000,862386,1662757679999,358061.2836000,973,263914,109692.7222000,0
1662757680000,0.4182000,0.4208000,0.4180000,0.4189000,267686,1662757739999,112370.7757000,569,146156,61360.2593000,0
1662757740000,0.4189000,0.4209000,0.4159000,0.4200000,383265,1662757799999,160338.8337000,684,187816,78669.9000000,0
1662757800000,0.4197000,0.4203000,0.4189000,0.4201000,335860,1662757859999,140931.0577000,406,186635,78309.4543000,0
1662757860000,0.4199000,0.4224000,0.4194000,0.4219000,311446,1662757919999,131219.8846000,379,230822,97294.3652000,0
1662757920000,0.4218000,0.4218000,0.4200000,0.4215000,201454,1662757979999,84834.0432000,248,123486,52018.7486000,0
1662757980000,0.4216000,0.4220000,0.4200000,0.4205000,167606,1662758039999,70549.0095000,255,70392,29635.1849000,0
1662758040000,0.4204000,0.4242000,0.4204000,0.4222000,147638,1662758099999,62377.8530000,346,81604,34499.3437000,0
1662758100000,0.4225000,0.4272000,0.4217000,0.4260000,477156,1662758159999,202888.0756000,690,289503,123073.4948000,0
1662758160000,0.4262000,0.4263000,0.4231000,0.4241000,209025,1662758219999,88761.8701000,385,76913,32667.3013000,0
1662758220000,0.4240000,0.4243000,0.4231000,0.4235000,94961,1662758279999,40199.9377000,209,34843,14757.3747000,0
1662758280000,0.4237000,0.4242000,0.4209000,0.4220000,259478,1662758339999,109604.6659000,424,129112,54555.6311000,0
1662758340000,0.4221000,0.4226000,0.4204000,0.4208000,271266,1662758399999,114255.4918000,384,111286,46876.8314000,0
1662758400000,0.4208000,0.4220000,0.4198000,0.4213000,189867,1662758459999,79919.8280000,351,109146,45953.0440000,0
1662758460000,0.4213000,0.4243000,0.4209000,0.4232000,203909,1662758519999,86256.8526000,406,115913,49041.1758000,0
1662758520000,0.4232000,0.4232000,0.4210000,0.4221000,236680,1662758579999,99913.0865000,386,94557,39902.8678000,0
1662758580000,0.4219000,0.4245000,0.4216000,0.4245000,238380,1662758639999,100831.8600000,368,164843,69722.2182000,0
1662758640000,0.4241000,0.4246000,0.4234000,0.4234000,150850,1662758699999,63969.4046000,237,36515,15487.8273000,0
1662758700000,0.4237000,0.4245000,0.4232000,0.4233000,107711,1662758759999,45692.3661000,167,65076,27613.0169000,0
1662758760000,0.4237000,0.4250000,0.4232000,0.4244000,277509,1662758819999,117755.0434000,311,191171,81133.5693000,0
1662758820000,0.4247000,0.4268000,0.4247000,0.4268000,236227,1662758879999,100596.6481000,485,136336,58074.5171000,0
1662758880000,0.4265000,0.4269000,0.4254000,0.4254000,255724,1662758939999,109031.6632000,314,150986,64394.8109000,0
1662758940000,0.4254000,0.4255000,0.4226000,0.4242000,671035,1662758999999,284445.6597000,481,247403,104953.0775000,0
1662759000000,0.4243000,0.4265000,0.4242000,0.4257000,263548,1662759059999,112050.3460000,319,198088,84249.6527000,0
1662759060000,0.4257000,0.4259000,0.4244000,0.4248000,107195,1662759119999,45576.5487000,249,44489,18928.3584000,0
1662759120000,0.4244000,0.4244000,0.4227000,0.4234000,264931,1662759179999,112213.4437000,355,90358,38272.6646000,0
1662759180000,0.4231000,0.4238000,0.4225000,0.4236000,167064,1662759239999,70670.3778000,320,52513,22234.0723000,0
1662759240000,0.4235000,0.4235000,0.4220000,0.4225000,99162,1662759299999,41887.3155000,169,19719,8336.4796000,0
1662759300000,0.4224000,0.4226000,0.4216000,0.4216000,148197,1662759359999,62538.0946000,176,68137,28759.0483000,0
1662759360000,0.4218000,0.4227000,0.4217000,0.4224000,99187,1662759419999,41889.9089000,158,58751,24807.6637000,0
1662759420000,0.4224000,0.4228000,0.4219000,0.4220000,102236,1662759479999,43164.8522000,133,56679,23932.6628000,0
1662759480000,0.4220000,0.4227000,0.4196000,0.4203000,391848,1662759539999,164952.6344000,427,129047,54333.6355000,0
1662759540000,0.4203000,0.4205000,0.4170000,0.4187000,902525,1662759599999,377440.4569000,732,434454,181639.0324000,0
1662759600000,0.4184000,0.4198000,0.4179000,0.4191000,273525,1662759659999,114589.7819000,491,133592,56010.5090000,0
1662759660000,0.4190000,0.4204000,0.4187000,0.4201000,283624,1662759719999,119075.1516000,352,120142,50428.6079000,0
1662759720000,0.4198000,0.4198000,0.4185000,0.4192000,57857,1662759779999,24229.1578000,134,39627,16593.7802000,0
1662759780000,0.4188000,0.4190000,0.4156000,0.4156000,209751,1662759839999,87514.5288000,375,56324,23501.5740000,0
1662759840000,0.4161000,0.4183000,0.4138000,0.4138000,736197,1662759899999,306124.3585000,808,249391,103909.8387000,0
1662759900000,0.4138000,0.4147000,0.4085000,0.4116000,1618278,1662759959999,665268.1979000,2138,748463,307930.1497000,0
1662759960000,0.4119000,0.4186000,0.4117000,0.4167000,599835,1662760019999,249773.6314000,1013,371269,154555.8889000,0
1662760020000,0.4171000,0.4171000,0.4136000,0.4137000,459598,1662760079999,191004.6265000,611,235915,98067.4992000,0
1662760080000,0.4136000,0.4160000,0.4120000,0.4159000,362580,1662760139999,150473.3050000,557,249597,103638.4303000,0
1662760140000,0.4159000,0.4179000,0.4153000,0.4173000,345570,1662760199999,143878.4739000,418,284986,118655.6028000,0
1662760200000,0.4175000,0.4193000,0.4171000,0.4193000,192569,1662760259999,80466.7777000,318,124562,52070.7040000,0
1662760260000,0.4190000,0.4190000,0.4153000,0.4158000,468882,1662760319999,195817.7713000,518,156207,65243.8574000,0
1662760320000,0.4154000,0.4170000,0.4150000,0.4169000,248357,1662760379999,103415.9340000,377,160757,66965.9016000,0
1662760380000,0.4167000,0.4179000,0.4166000,0.4178000,100432,1662760439999,41892.1810000,144,54176,22602.7968000,0
1662760440000,0.4179000,0.4184000,0.4168000,0.4171000,67057,1662760499999,28005.4403000,132,36732,15347.1143000,0
1662760500000,0.4172000,0.4172000,0.4145000,0.4154000,329398,1662760559999,137111.9200000,406,90380,37552.1059000,0
1662760560000,0.4155000,0.4171000,0.4155000,0.4165000,130762,1662760619999,54460.8927000,231,80226,33414.7827000,0
1662760620000,0.4168000,0.4173000,0.4135000,0.4140000,201260,1662760679999,83484.9254000,374,108035,44837.6843000,0
1662760680000,0.4141000,0.4154000,0.4113000,0.4113000,366756,1662760739999,151615.7711000,549,161440,66787.7280000,0
1662760740000,0.4112000,0.4126000,0.4102000,0.4106000,312069,1662760799999,128382.5327000,496,154077,63369.4839000,0
1662760800000,0.4109000,0.4175000,0.4108000,0.4174000,298088,1662760859999,123602.5005000,640,187146,77603.7012000,0
1662760860000,0.4175000,0.4202000,0.4166000,0.4195000,561017,1662760919999,234708.0912000,830,282567,118287.4181000,0
1662760920000,0.4192000,0.4240000,0.4185000,0.4240000,567627,1662760979999,239646.8025000,964,355615,150168.9828000,0
1662760980000,0.4240000,0.4240000,0.4198000,0.4212000,725365,1662761039999,306888.2101000,954,364550,154325.8632000,0
1662761040000,0.4213000,0.4221000,0.4197000,0.4214000,255961,1662761099999,107685.3542000,350,100766,42398.9046000,0
1662761100000,0.4214000,0.4288000,0.4211000,0.4282000,1124051,1662761159999,478409.4584000,1179,644298,273922.0191000,0
1662761160000,0.4283000,0.4384000,0.4280000,0.4370000,2665846,1662761219999,1157059.2004000,2864,1472931,638839.5300000,0
1662761220000,0.4371000,0.4379000,0.4327000,0.4336000,640417,1662761279999,278387.8711000,1185,223507,97205.5391000,0
1662761280000,0.4336000,0.4400000,0.4331000,0.4377000,824163,1662761339999,360130.6718000,1360,439189,192102.2779000,0
1662761340000,0.4381000,0.4447000,0.4366000,0.4390000,1084058,1662761399999,478268.4303000,1977,605929,267371.2918000,0
1662761400000,0.4390000,0.4440000,0.4339000,0.4382000,1093849,1662761459999,479215.8014000,2319,474028,207839.5673000,0
1662761460000,0.4387000,0.4426000,0.4379000,0.4381000,503297,1662761519999,221609.9527000,1314,236585,104205.3638000,0
1662761520000,0.4381000,0.4400000,0.4343000,0.4372000,537270,1662761579999,234845.3631000,1122,301202,131660.7329000,0
1662761580000,0.4368000,0.4399000,0.4365000,0.4379000,227151,1662761639999,99538.2447000,513,119343,52312.9830000,0
1662761640000,0.4379000,0.4395000,0.4345000,0.4373000,290869,1662761699999,126947.2750000,729,146920,64184.6945000,0
1662761700000,0.4375000,0.4376000,0.4335000,0.4342000,388598,1662761759999,169118.0925000,939,150103,65351.2743000,0
1662761760000,0.4346000,0.4371000,0.4331000,0.4335000,389850,1662761819999,169493.6104000,675,199080,86596.0473000,0
1662761820000,0.4338000,0.4385000,0.4338000,0.4371000,308907,1662761879999,134693.7444000,735,167649,73132.1802000,0
1662761880000,0.4372000,0.4409000,0.4369000,0.4408000,368590,1662761939999,161853.2022000,705,209460,91961.0357000,0
1662761940000,0.4409000,0.4438000,0.4408000,0.4417000,500592,1662761999999,221296.4243000,1105,206996,91553.1638000,0
1662762000000,0.4415000,0.4423000,0.4354000,0.4367000,608751,1662762059999,266906.7843000,981,214391,93882.5748000,0
1662762060000,0.4367000,0.4400000,0.4358000,0.4388000,292694,1662762119999,128228.2687000,658,141684,62111.6399000,0
1662762120000,0.4388000,0.4400000,0.4360000,0.4374000,328798,1662762179999,144085.8259000,640,156997,68835.8003000,0
1662762180000,0.4376000,0.4403000,0.4369000,0.4384000,200571,1662762239999,87980.7794000,398,119004,52190.4260000,0
1662762240000,0.4385000,0.4389000,0.4339000,0.4345000,330954,1662762299999,144377.4152000,535,82226,35848.4338000,0
1662762300000,0.4344000,0.4358000,0.4307000,0.4320000,614177,1662762359999,265930.7599000,1041,257571,111690.3429000,0
1662762360000,0.4321000,0.4329000,0.4300000,0.4306000,311148,1662762419999,134260.4114000,583,121737,52575.1986000,0
1662762420000,0.4305000,0.4325000,0.4263000,0.4318000,791847,1662762479999,339667.1696000,1713,391955,168344.4536000,0
1662762480000,0.4320000,0.4335000,0.4276000,0.4291000,265402,1662762539999,114161.0261000,779,157483,67746.1371000,0
1662762540000,0.4288000,0.4318000,0.4282000,0.4293000,277733,1662762599999,119265.7337000,583,121084,52038.4967000,0
1662762600000,0.4293000,0.4356000,0.4289000,0.4351000,429355,1662762659999,185679.4944000,897,278473,120411.6427000,0
1662762660000,0.4350000,0.4350000,0.4320000,0.4329000,288826,1662762719999,125240.7358000,505,108159,46904.5611000,0
1662762720000,0.4326000,0.4335000,0.4310000,0.4314000,216263,1662762779999,93547.3189000,360,74685,32314.3410000,0
1662762780000,0.4313000,0.4322000,0.4301000,0.4315000,229580,1662762839999,98977.7169000,422,105324,45428.5828000,0
1662762840000,0.4314000,0.4328000,0.4301000,0.4308000,212128,1662762899999,91421.2516000,391,76287,32900.9765000,0
1662762900000,0.4309000,0.4310000,0.4290000,0.4300000,191698,1662762959999,82504.4445000,322,99402,42780.1481000,0
1662762960000,0.4299000,0.4306000,0.4279000,0.4288000,328323,1662763019999,140975.8548000,466,152028,65296.1012000,0
1662763020000,0.4289000,0.4309000,0.4289000,0.4299000,188629,1662763079999,81075.9415000,339,131073,56351.2114000,0
1662763080000,0.4303000,0.4307000,0.4285000,0.4291000,223297,1662763139999,95827.0949000,374,120741,51810.3905000,0
1662763140000,0.4292000,0.4293000,0.4268000,0.4277000,340372,1662763199999,145705.9047000,430,156629,67052.7071000,0
1662763200000,0.4279000,0.4291000,0.4248000,0.4261000,602578,1662763259999,256946.4465000,728,320371,136643.3217000,0
1662763260000,0.4258000,0.4282000,0.4254000,0.4263000,253431,1662763319999,108175.9350000,490,143003,61085.3813000,0
1662763320000,0.4263000,0.4294000,0.4260000,0.4288000,168563,1662763379999,72032.2501000,323,99288,42448.5067000,0
1662763380000,0.4290000,0.4307000,0.4278000,0.4296000,157687,1662763439999,67773.7173000,361,102504,44074.1150000,0
1662763440000,0.4299000,0.4300000,0.4276000,0.4291000,166243,1662763499999,71282.7155000,343,77688,33312.3864000,0
1662763500000,0.4291000,0.4304000,0.4277000,0.4298000,174733,1662763559999,74945.2723000,274,74486,31995.2276000,0
1662763560000,0.4298000,0.4303000,0.4280000,0.4291000,128955,1662763619999,55304.1475000,270,34144,14664.4292000,0
1662763620000,0.4287000,0.4293000,0.4275000,0.4286000,331787,1662763679999,142062.7485000,363,102890,44053.0074000,0
1662763680000,0.4285000,0.4296000,0.4275000,0.4292000,201966,1662763739999,86550.5510000,377,108446,46465.5717000,0
1662763740000,0.4292000,0.4323000,0.4289000,0.4323000,333511,1662763799999,143612.3864000,495,206902,89121.6721000,0
1662763800000,0.4324000,0.4341000,0.4298000,0.4303000,575351,1662763859999,248824.5777000,774,310028,134112.9676000,0
1662763860000,0.4307000,0.4319000,0.4277000,0.4291000,196327,1662763919999,84354.9960000,441,108729,46743.1973000,0
1662763920000,0.4291000,0.4315000,0.4288000,0.4299000,263535,1662763979999,113321.3398000,396,94408,40605.0456000,0
1662763980000,0.4304000,0.4314000,0.4292000,0.4302000,113409,1662764039999,48796.0247000,247,70135,30181.4355000,0
1662764040000,0.4307000,0.4325000,0.4301000,0.4324000,130783,1662764099999,56416.7857000,282,66657,28761.9186000,0
1662764100000,0.4323000,0.4325000,0.4309000,0.4319000,155518,1662764159999,67153.4194000,286,63943,27614.4268000,0
1662764160000,0.4320000,0.4321000,0.4296000,0.4304000,131737,1662764219999,56744.6963000,257,78906,33992.3860000,0
1662764220000,0.4300000,0.4305000,0.4288000,0.4289000,252105,1662764279999,108305.4135000,430,132962,57146.1291000,0
1662764280000,0.4289000,0.4296000,0.4250000,0.4261000,447017,1662764339999,190748.9749000,776,206820,88253.2890000,0
1662764340000,0.4260000,0.4261000,0.4218000,0.4237000,435403,1662764399999,184425.0746000,951,202406,85730.7068000,0
1662764400000,0.4238000,0.4275000,0.4238000,0.4263000,211349,1662764459999,89959.6777000,576,134431,57228.7272000,0
1662764460000,0.4267000,0.4274000,0.4251000,0.4266000,256970,1662764519999,109536.8861000,418,97931,41760.9865000,0
1662764520000,0.4269000,0.4279000,0.4258000,0.4278000,187494,1662764579999,80042.6382000,259,112946,48229.6808000,0
1662764580000,0.4278000,0.4302000,0.4273000,0.4287000,138707,1662764639999,59451.6584000,387,100882,43238.8043000,0
1662764640000,0.4289000,0.4297000,0.4274000,0.4295000,167467,1662764699999,71785.3077000,313,77702,33310.8517000,0
1662764700000,0.4295000,0.4309000,0.4295000,0.4307000,230635,1662764759999,99207.2606000,266,68932,29665.1457000,0
1662764760000,0.4308000,0.4310000,0.4289000,0.4298000,433081,1662764819999,186222.5786000,373,96134,41336.1635000,0
1662764820000,0.4299000,0.4318000,0.4298000,0.4301000,140637,1662764879999,60592.0364000,234,76272,32862.3028000,0
1662764880000,0.4306000,0.4311000,0.4286000,0.4293000,259930,1662764939999,111794.1527000,349,112368,48378.7974000,0
1662764940000,0.4296000,0.4297000,0.4281000,0.4285000,153872,1662764999999,66001.0929000,207,72032,30896.3398000,0
1662765000000,0.4285000,0.4289000,0.4265000,0.4276000,138554,1662765059999,59256.0260000,306,60223,25769.3273000,0
1662765060000,0.4277000,0.4295000,0.4277000,0.4295000,85884,1662765119999,36825.1801000,231,32162,13784.0955000,0
1662765120000,0.4296000,0.4314000,0.4291000,0.4295000,269252,1662765179999,115850.1071000,364,80287,34546.5370000,0
1662765180000,0.4295000,0.4306000,0.4288000,0.4302000,76774,1662765239999,32970.3937000,193,28720,12335.4768000,0
1662765240000,0.4302000,0.4313000,0.4299000,0.4306000,102550,1662765299999,44174.0045000,163,52730,22723.8263000,0
1662765300000,0.4306000,0.4317000,0.4303000,0.4308000,193182,1662765359999,83247.5320000,295,136563,58856.2120000,0
1662765360000,0.4305000,0.4324000,0.4304000,0.4306000,141570,1662765419999,61034.5344000,297,62794,27088.5163000,0
1662765420000,0.4313000,0.4337000,0.4312000,0.4332000,173951,1662765479999,75267.3834000,298,120966,52345.8894000,0
1662765480000,0.4330000,0.4343000,0.4328000,0.4333000,136742,1662765539999,59286.4542000,368,66809,28973.0876000,0
1662765540000,0.4334000,0.4344000,0.4330000,0.4344000,117171,1662765599999,50795.0528000,242,44580,19334.0664000,0
1662765600000,0.4344000,0.4371000,0.4339000,0.4363000,356325,1662765659999,155258.9502000,644,203076,88510.2301000,0
1662765660000,0.4361000,0.4364000,0.4338000,0.4345000,219619,1662765719999,95548.4689000,403,101637,44246.7599000,0
1662765720000,0.4345000,0.4347000,0.4324000,0.4337000,118237,1662765779999,51299.7798000,307,41863,18162.7887000,0
1662765780000,0.4334000,0.4334000,0.4304000,0.4329000,265556,1662765839999,114692.3197000,600,82234,35514.2704000,0
1662765840000,0.4328000,0.4330000,0.4318000,0.4321000,181115,1662765899999,78302.4219000,305,75692,32729.0297000,0
1662765900000,0.4323000,0.4339000,0.4321000,0.4330000,154593,1662765959999,66963.7063000,240,75061,32516.6340000,0
1662765960000,0.4330000,0.4366000,0.4330000,0.4364000,178454,1662766019999,77532.4560000,363,115216,50075.8025000,0
1662766020000,0.4365000,0.4373000,0.4340000,0.4354000,520458,1662766079999,226957.5894000,759,190040,82909.1177000,0
1662766080000,0.4354000,0.4366000,0.4336000,0.4366000,275885,1662766139999,119949.6085000,348,121009,52596.3213000,0
1662766140000,0.4367000,0.4393000,0.4363000,0.4381000,469249,1662766199999,205493.1892000,585,354323,155213.8302000,0
1662766200000,0.4384000,0.4396000,0.4373000,0.4386000,317384,1662766259999,139240.5194000,622,140887,61847.8648000,0
1662766260000,0.4385000,0.4387000,0.4338000,0.4356000,665702,1662766319999,290294.4885000,822,179771,78413.1448000,0
1662766320000,0.4354000,0.4361000,0.4336000,0.4346000,284788,1662766379999,123786.4545000,553,158455,68876.0003000,0
1662766380000,0.4348000,0.4366000,0.4345000,0.4349000,189396,1662766439999,82493.9227000,434,60189,26233.1758000,0
1662766440000,0.4348000,0.4365000,0.4342000,0.4356000,159914,1662766499999,69650.8497000,361,117963,51386.4635000,0
1662766500000,0.4356000,0.4370000,0.4355000,0.4367000,186215,1662766559999,81284.9667000,320,138788,60601.1933000,0
1662766560000,0.4366000,0.4372000,0.4360000,0.4370000,110576,1662766619999,48283.4785000,191,70092,30615.5646000,0
1662766620000,0.4370000,0.4370000,0.4323000,0.4329000,530434,1662766679999,230310.7328000,695,150064,65034.0268000,0
1662766680000,0.4329000,0.4340000,0.4296000,0.4303000,396890,1662766739999,171065.4564000,730,214899,92583.9272000,0
1662766740000,0.4304000,0.4322000,0.4304000,0.4318000,143012,1662766799999,61674.4727000,278,62650,27028.5194000,0
1662766800000,0.4317000,0.4340000,0.4317000,0.4337000,104108,1662766859999,45076.2823000,247,79733,34526.6502000,0
1662766860000,0.4335000,0.4335000,0.4303000,0.4307000,238782,1662766919999,103207.4354000,360,87486,37779.7873000,0
1662766920000,0.4305000,0.4317000,0.4284000,0.4289000,323612,1662766979999,139151.7494000,452,165398,71159.7227000,0
1662766980000,0.4290000,0.4325000,0.4283000,0.4323000,328446,1662767039999,141427.5597000,532,198769,85659.0996000,0
1662767040000,0.4321000,0.4330000,0.4315000,0.4318000,178634,1662767099999,77177.3002000,304,90097,38932.5150000,0
1662767100000,0.4318000,0.4335000,0.4293000,0.4306000,540296,1662767159999,233238.9079000,684,261183,112768.8770000,0
1662767160000,0.4306000,0.4307000,0.4287000,0.4296000,202163,1662767219999,86824.7892000,361,94191,40483.9098000,0
1662767220000,0.4295000,0.4298000,0.4259000,0.4279000,443320,1662767279999,189566.3864000,772,187469,80230.8754000,0
1662767280000,0.4275000,0.4279000,0.4253000,0.4269000,367413,1662767339999,156606.6612000,442,89664,38258.4124000,0
1662767340000,0.4266000,0.4273000,0.4251000,0.4257000,164302,1662767399999,70070.2727000,246,112193,47861.5602000,0
1662767400000,0.4260000,0.4290000,0.4260000,0.4287000,259133,1662767459999,110915.8288000,471,168988,72342.8277000,0
1662767460000,0.4282000,0.4297000,0.4270000,0.4275000,205060,1662767519999,87895.5185000,301,111829,47941.9058000,0
1662767520000,0.4274000,0.4304000,0.4269000,0.4302000,173982,1662767579999,74663.2489000,358,125558,53907.4880000,0
1662767580000,0.4300000,0.4300000,0.4282000,0.4295000,143333,1662767639999,61511.5711000,208,99120,42536.5860000,0
1662767640000,0.4291000,0.4295000,0.4281000,0.4295000,95117,1662767699999,40792.6005000,154,58688,25174.8501000,0
1662767700000,0.4292000,0.4300000,0.4292000,0.4295000,393091,1662767759999,168959.6532000,268,154370,66347.5519000,0
1662767760000,0.4297000,0.4303000,0.4280000,0.4295000,156225,1662767819999,67011.7129000,238,52699,22630.4350000,0
1662767820000,0.4296000,0.4307000,0.4292000,0.4297000,144298,1662767879999,62038.8886000,274,88663,38136.2321000,0
1662767880000,0.4299000,0.4300000,0.4284000,0.4293000,75153,1662767939999,32239.3232000,160,22749,9765.9914000,0
1662767940000,0.4291000,0.4295000,0.4284000,0.4293000,149073,1662767999999,63979.2858000,173,20327,8725.4053000,0
